Номер;Пилот;Команда;Цвет 1;Цвет 2;Цвет 3;Страна;Спонсор 1;Спонсор 2
7;Иван Петров;Red Bears Racing;#d7261e;#f4f4f2;#16181b;Россия;Apex Tyres;Redline Oil
17;Дмитрий Орлов;Red Bears Racing;#d7261e;#f4f4f2;#16181b;Казахстан;Apex Tyres;Redline Oil
12;Mika Laine;Blue Owls Motorsport;#1c5fd4;#f4f4f2;#f2b705;Финляндия;Velocity;Kinetic
21;Jonas Weber;Blue Owls Motorsport;#1c5fd4;#f4f4f2;#f2b705;Германия;Velocity;Kinetic
33;Daan de Vries;Orange Arrow GP;#f25c05;#16181b;#f4f4f2;Нидерланды;Nitro X;Turbo Fuel
3;Lucas Martin;Orange Arrow GP;#f25c05;#16181b;#f4f4f2;Франция;Nitro X;Turbo Fuel
44;Oliver Grant;Green Hornet Racing;#0b6e4f;#f2b705;#f4f4f2;Великобритания;Pitlane Energy;Grip Pro
8;Marco Rossi;Green Hornet Racing;#0b6e4f;#f2b705;#f4f4f2;Италия;Pitlane Energy;Grip Pro
5;Kenji Sato;Black Pearl Team;#16181b;#c9a227;#f4f4f2;Япония;Zenith Watches;Carbon Labs
27;Rafael Costa;Black Pearl Team;#16181b;#c9a227;#f4f4f2;Бразилия;Zenith Watches;Carbon Labs
11;Carlos Ruiz;Silver Wolves;#9aa0a6;#0a2463;#d7261e;Испания;Forge Brakes;Slipstream
88;Piotr Nowak;Silver Wolves;#9aa0a6;#0a2463;#d7261e;Польша;Forge Brakes;Slipstream
